1332, ニッスイ, --, --, --, （--:--）, （--:--）, --, 
1605, ＩＮＰＥＸ, --, --, --, （--:--）, （--:--）, --, 
1721, コムシスＨＤ, --, --, --, （--:--）, （--:--）, --, 
1801, 大成建, --, --, --, （--:--）, （--:--）, --, 
1802, 大林組, --, --, --, （--:--）, （--:--）, --, 
1803, 清水建, --, --, --, （--:--）, （--:--）, --, 
1808, 長谷工, --, --, --, （--:--）, （--:--）, --, 
1812, 鹿島, --, --, --, （--:--）, （--:--）, --, 
1925, ハウス, --, --, --, （--:--）, （--:--）, --, 
1928, 積ハウス, --, --, --, （--:--）, （--:--）, --, 
1963, 日揮ＨＤ, --, --, --, （--:--）, （--:--）, --, 
2002, 日清粉Ｇ, --, --, --, （--:--）, （--:--）, --, 
2269, 明治ＨＤ, --, --, --, （--:--）, （--:--）, --, 
2282, 日ハム, --, --, --, （--:--）, （--:--）, --, 
2501, サッポロＨＤ, --, --, --, （--:--）, （--:--）, --, 
2502, アサヒ, --, --, --, （--:--）, （--:--）, --, 
2503, キリンＨＤ, --, --, --, （--:--）, （--:--）, --, 
2531, 宝ＨＬＤ, --, --, --, （--:--）, （--:--）, --, 
2801, キッコマン, --, --, --, （--:--）, （--:--）, --, 
2802, 味の素, --, --, --, （--:--）, （--:--）, --, 
2871, ニチレイ, --, --, --, （--:--）, （--:--）, --, 
2914, ＪＴ, --, --, --, （--:--）, （--:--）, --, 
3401, 帝人, --, --, --, （--:--）, （--:--）, --, 
3402, 東レ, --, --, --, （--:--）, （--:--）, --, 
3861, 王子ＨＤ, --, --, --, （--:--）, （--:--）, --, 
3863, 日本紙, --, --, --, （--:--）, （--:--）, --, 
3405, クラレ, --, --, --, （--:--）, （--:--）, --, 
3407, 旭化成, --, --, --, （--:--）, （--:--）, --, 
4004, レゾナック, --, --, --, （--:--）, （--:--）, --, 
4005, 住友化, --, --, --, （--:--）, （--:--）, --, 
4021, 日産化, --, --, --, （--:--）, （--:--）, --, 
4042, 東ソー, --, --, --, （--:--）, （--:--）, --, 
4043, トクヤマ, --, --, --, （--:--）, （--:--）, --, 
4061, デンカ, --, --, --, （--:--）, （--:--）, --, 
4063, 信越化, --, --, --, （--:--）, （--:--）, --, 
4183, 三井化学, --, --, --, （--:--）, （--:--）, --, 
4188, 三菱ケミＧ, --, --, --, （--:--）, （--:--）, --, 
4208, ＵＢＥ, --, --, --, （--:--）, （--:--）, --, 
4452, 花王, --, --, --, （--:--）, （--:--）, --, 
4631, ＤＩＣ, --, --, --, （--:--）, （--:--）, --, 
4901, 富士フイルム, --, --, --, （--:--）, （--:--）, --, 
4911, 資生堂, --, --, --, （--:--）, （--:--）, --, 
6988, 日東電, --, --, --, （--:--）, （--:--）, --, 
4151, 協和キリン, --, --, --, （--:--）, （--:--）, --, 
4502, 武田, --, --, --, （--:--）, （--:--）, --, 
4503, アステラス, --, --, --, （--:--）, （--:--）, --, 
4506, 住友ファーマ, --, --, --, （--:--）, （--:--）, --, 
4507, 塩野義, --, --, --, （--:--）, （--:--）, --, 
4519, 中外薬, --, --, --, （--:--）, （--:--）, --, 
4523, エーザイ, --, --, --, （--:--）, No reproduction without permission., 